Model,Set,accuracy,precision,recall,f1,roc_auc
Random Forest,Train,0.98,0.9680851063829787,1.0,0.9837837837837838,1.0
Random Forest,Validation,0.98,1.0,0.9666666666666667,0.9830508474576272,1.0
Random Forest,Test,0.94,0.9354838709677419,0.9666666666666667,0.9508196721311475,0.9916666666666667
XGBoost,Train,0.9466666666666667,0.9662921348314607,0.945054945054945,0.9555555555555556,0.9944123672937233
XGBoost,Validation,0.94,1.0,0.9,0.9473684210526315,0.9966666666666667
XGBoost,Test,0.94,0.9090909090909091,1.0,0.9523809523809523,0.9883333333333333
